admin_id,first_name,last_name,email,bio,address
161,"Janet ",Jackson,janet.jackson@gmail.com,NULL,"11 Green Street Netherlands"
162,"Tyler ",Perry,tyler.perry@yahoo.com,NULL,"12 Artwell Street Portugal"
163,"Chris ",Maple,chris.maple@hotmail.com,NULL,"89 Orange Road New York"
164,Tony,Hills,tony.hills@gmail.com,NULL,"123 Hagle Way Norway"
165,Bridgette,Bone,bridgette.bone@hotmail,NULL,"125 Figtree Street United Kingdom"
166,Sonja,Clerk,sonja.clerk@hotmail.com,NULL,"34 Harwil Court Street Sweden"
167,Princess,Tiara,princess.tiara@gmail.com,NULL,"12 Ample Street Spain"
168,Rose,Made,rose.made@hotmail.com,NULL,"78 Luther Court Street Switzerland"
169,Amos,Horn,amos.horn@gmail.com,NULL,"32 Greggs Street France"
170,Anabel,Viffy,anabel.viffy@hotmail.com,NULL,"65 Fanny Street Finland"
171,"Alice ",Hen,alice.hen@gmail.com,NULL,"23 Light Street Canada"
172,Peter,Jupiter,peter.jupiter@yahoo.com,NULL,"87 Pot Way Street Australia"
173,Trish,Years,trish.years@yahoo.com,NULL,"10 Higgy Road Kuala Lumpur"
174,Gregory,July,gregory.july@hotmail.com,NULL,"90 Pet Street Poland "
175,Juni,Trent,juni.trent@gmail.com,NULL,"43 Queen Street Italy"
176,Beauty,June,beauty.june@yahoo.com,NULL,"88 Amber Way India"
177,Hannah,Quacks,hannah.quacks@yahoo.com,NULL,"65 Doric Street China"
178,Christine,Jackson,christine.jackson@gmail.com,NULL,"778 Red Street Mexico"
179,Rebecca,Oats,rebecca.oats@yahoo.com,NULL,"421 Neon Way Tanzania"
180,Jane,Jills,jane.jills@hotmail.com,NULL,"090 Bake Street Botswana"
181,NULL,NULL,NULL,NULL,
